type,subject_id,session_id,auto_status,review_status,comment,n_trials,n_valid,n_invalid,duration_s,sampling_rate,num_channels,bad_channels,signal_rms,frac_zeros,frac_saturated,model_val_acc,rotation_confidence,issues,warnings,path
session,Calibration,2026-03-25_10-21-07_5rep,WARN,VALID,,30,30,0,,2000,32,[20],0.0114,0.041,0.0,,,,Bad channels: [20] | Strong class imbalance (ratio 14.0x),/Users/paul/Coding_Projects/Master/Dataprocessing/playagain_pipeline/data/sessions/Calibration/2026-03-25_10-21-07_5rep
session,KinderUni,2026-03-30_13-37-41_3rep,WARN,INVALID,,13,13,0,,2000,32,[20],0.0756,0.033,0.0,,,,Bad channels: [20] | Strong class imbalance (ratio 6.0x),/Users/paul/Coding_Projects/Master/Dataprocessing/playagain_pipeline/data/sessions/KinderUni/2026-03-30_13-37-41_3rep
session,KinderUni,2026-03-30_13-42-05_3rep,WARN,VALID,,18,18,0,,2000,32,"[3, 7, 19, 23]",0.0856,0.001,0.0,,,,"Bad channels: [3, 7, 19, 23] | Strong class imbalance (ratio 8.0x)",/Users/paul/Coding_Projects/Master/Dataprocessing/playagain_pipeline/data/sessions/KinderUni/2026-03-30_13-42-05_3rep
session,KinderUni,2026-03-30_13-48-55_3rep,WARN,VALID,,18,18,0,,2000,32,"[3, 7, 19, 23]",0.0917,0.063,0.0,,,,"Bad channels: [3, 7, 19, 23] | Strong class imbalance (ratio 8.0x)",/Users/paul/Coding_Projects/Master/Dataprocessing/playagain_pipeline/data/sessions/KinderUni/2026-03-30_13-48-55_3rep
session,KinderUni,2026-03-30_13-53-36_3rep,WARN,VALID,,18,18,0,,2000,32,"[3, 7, 19, 23, 28, 29]",0.175,0.095,0.0,,,,"Bad channels: [3, 7, 19, 23, 28, 29] | Strong class imbalance (ratio 8.0x)",/Users/paul/Coding_Projects/Master/Dataprocessing/playagain_pipeline/data/sessions/KinderUni/2026-03-30_13-53-36_3rep
session,KinderUni,2026-03-30_14-03-35_3rep,WARN,VALID,,18,18,0,,2000,32,"[3, 7, 19, 23, 28, 29]",0.0381,0.005,0.0,,,,"Bad channels: [3, 7, 19, 23, 28, 29] | Strong class imbalance (ratio 8.0x)",/Users/paul/Coding_Projects/Master/Dataprocessing/playagain_pipeline/data/sessions/KinderUni/2026-03-30_14-03-35_3rep
session,KinderUni,2026-03-30_14-09-58_3rep,WARN,INVALID,,8,8,0,,2000,32,"[1, 2, 3, 7, 9, 10, 12, 19, 23, 28, 29]",0.0673,0.189,0.0,,,,"Bad channels: [1, 2, 3, 7, 9, 10, 12, 19, 23, 28, 29] | Short session: 28.3s",/Users/paul/Coding_Projects/Master/Dataprocessing/playagain_pipeline/data/sessions/KinderUni/2026-03-30_14-09-58_3rep
session,VP_01,2026-02-26_12:30:21_3rep,WARN,VALID,,17,17,0,,2000,32,[13],0.0114,0.046,0.0,,,,Bad channels: [13],/Users/paul/Coding_Projects/Master/Dataprocessing/playagain_pipeline/data/sessions/VP_01/2026-02-26_12:30:21_3rep
session,VP_01,2026-02-26_12:50:17_3rep,WARN,VALID,,17,17,0,,2000,32,[27],0.0141,0.041,0.0,,,,Bad channels: [27],/Users/paul/Coding_Projects/Master/Dataprocessing/playagain_pipeline/data/sessions/VP_01/2026-02-26_12:50:17_3rep
session,VP_01,2026-03-02_10:15:18_3rep,WARN,VALID,,17,17,0,,2000,32,"[8, 9, 11, 12, 23, 24, 25, 26, 27, 28, 29, 30, 31]",0.0401,0.441,0.0,,,,"Bad channels: [8, 9, 11, 12, 23, 24, 25, 26, 27, 28, 29, 30, 31] | 44% of sampled values are exactly zero",/Users/paul/Coding_Projects/Master/Dataprocessing/playagain_pipeline/data/sessions/VP_01/2026-03-02_10:15:18_3rep
session,VP_01,2026-03-02_12:29:32_3rep,WARN,VALID,,17,17,0,,2000,32,"[5, 14, 25, 26]",0.0455,0.132,0.0,,,,"Bad channels: [5, 14, 25, 26]",/Users/paul/Coding_Projects/Master/Dataprocessing/playagain_pipeline/data/sessions/VP_01/2026-03-02_12:29:32_3rep
session,VP_01,2026-03-02_12:33:18_3rep,WARN,VALID,,17,17,0,,2000,32,"[5, 14, 25, 26]",0.0301,0.132,0.0,,,,"Bad channels: [5, 14, 25, 26]",/Users/paul/Coding_Projects/Master/Dataprocessing/playagain_pipeline/data/sessions/VP_01/2026-03-02_12:33:18_3rep
session,VP_01,2026-03-02_12:35:53_5rep,WARN,VALID,,29,29,0,,2000,32,"[5, 14, 24, 25, 26, 30]",0.0191,0.196,0.0,,,,"Bad channels: [5, 14, 24, 25, 26, 30]",/Users/paul/Coding_Projects/Master/Dataprocessing/playagain_pipeline/data/sessions/VP_01/2026-03-02_12:35:53_5rep
session,VP_01,2026-03-02_14:05:07_10rep,WARN,INVALID,,59,59,0,,2000,32,[5],0.1279,0.131,0.0,,,,Bad channels: [5],/Users/paul/Coding_Projects/Master/Dataprocessing/playagain_pipeline/data/sessions/VP_01/2026-03-02_14:05:07_10rep
session,VP_01,2026-03-03_13:21:53_3rep,WARN,VALID,,17,17,0,,2000,32,"[22, 31]",0.0172,0.071,0.0,,,,"Bad channels: [22, 31]",/Users/paul/Coding_Projects/Master/Dataprocessing/playagain_pipeline/data/sessions/VP_01/2026-03-03_13:21:53_3rep
session,VP_01,2026-03-03_14:31:55_3rep,OK,VALID,,17,17,0,,2000,32,[],0.0069,0.015,0.0,,,,,/Users/paul/Coding_Projects/Master/Dataprocessing/playagain_pipeline/data/sessions/VP_01/2026-03-03_14:31:55_3rep
session,VP_01,2026-03-10_13:44:35_3rep,OK,VALID,,17,17,0,,2000,32,[],0.1526,0.002,0.0,,,,,/Users/paul/Coding_Projects/Master/Dataprocessing/playagain_pipeline/data/sessions/VP_01/2026-03-10_13:44:35_3rep
session,VP_01,2026-03-16_11:04:06_3rep,OK,VALID,,17,17,0,,2000,32,[],0.0814,0.035,0.0,,,,,/Users/paul/Coding_Projects/Master/Dataprocessing/playagain_pipeline/data/sessions/VP_01/2026-03-16_11:04:06_3rep
session,VP_01,2026-03-16_11:11:49_3rep,WARN,VALID,,17,17,0,,2000,32,"[20, 31]",0.0247,0.038,0.0,,,,"Bad channels: [20, 31]",/Users/paul/Coding_Projects/Master/Dataprocessing/playagain_pipeline/data/sessions/VP_01/2026-03-16_11:11:49_3rep
session,VP_01,2026-03-16_14:03:32_5rep,WARN,INVALID,,29,29,0,,2000,32,"[0, 8, 9, 10, 11, 12, 15, 18, 19, 20, 24, 25, 26, 27, 31]",0.1229,0.002,0.0,,,,"Bad channels: [0, 8, 9, 10, 11, 12, 15, 18, 19, 20, 24, 25, 26, 27, 31]",/Users/paul/Coding_Projects/Master/Dataprocessing/playagain_pipeline/data/sessions/VP_01/2026-03-16_14:03:32_5rep
session,VP_01,2026-03-20_11:10:16_3rep,WARN,VALID,,17,17,0,,2000,32,[],0.0125,0.47,0.0,,,,47% of sampled values are exactly zero,/Users/paul/Coding_Projects/Master/Dataprocessing/playagain_pipeline/data/sessions/VP_01/2026-03-20_11:10:16_3rep
session,VP_01,2026-03-20_12:54:45_10rep,WARN,VALID,,59,59,0,,2000,32,"[12, 20]",0.0142,0.008,0.0,,,,"Bad channels: [12, 20]",/Users/paul/Coding_Projects/Master/Dataprocessing/playagain_pipeline/data/sessions/VP_01/2026-03-20_12:54:45_10rep
session,VP_01,2026-03-20_14:17:17_3rep,WARN,VALID,,18,18,0,,2000,32,"[9, 10, 12, 20]",0.0147,0.008,0.0,,,,"Bad channels: [9, 10, 12, 20] | Strong class imbalance (ratio 8.0x)",/Users/paul/Coding_Projects/Master/Dataprocessing/playagain_pipeline/data/sessions/VP_01/2026-03-20_14:17:17_3rep
session,VP_01,2026-03-20_14:18:36_3rep,WARN,VALID,,18,18,0,,2000,32,"[10, 12, 20]",0.011,0.013,0.0,,,,"Bad channels: [10, 12, 20] | Strong class imbalance (ratio 8.0x)",/Users/paul/Coding_Projects/Master/Dataprocessing/playagain_pipeline/data/sessions/VP_01/2026-03-20_14:18:36_3rep
session,VP_01,2026-03-20_14:20:18_3rep,WARN,VALID,,18,18,0,,2000,32,"[10, 12, 20]",0.0366,0.009,0.0,,,,"Bad channels: [10, 12, 20] | Strong class imbalance (ratio 8.0x)",/Users/paul/Coding_Projects/Master/Dataprocessing/playagain_pipeline/data/sessions/VP_01/2026-03-20_14:20:18_3rep
session,VP_01,2026-03-24_08-57-34_3rep,WARN,VALID,,18,18,0,,2000,32,"[6, 9, 21, 22, 25, 30]",0.2942,0.004,0.0,,,,"Bad channels: [6, 9, 21, 22, 25, 30] | Strong class imbalance (ratio 8.0x)",/Users/paul/Coding_Projects/Master/Dataprocessing/playagain_pipeline/data/sessions/VP_01/2026-03-24_08-57-34_3rep
session,VP_01,2026-03-24_09-35-44_3rep,WARN,VALID,,18,18,0,,2000,32,"[6, 9, 10, 21, 22, 25, 26, 30]",0.3395,0.002,0.0,,,,"Bad channels: [6, 9, 10, 21, 22, 25, 26, 30] | Strong class imbalance (ratio 8.0x)",/Users/paul/Coding_Projects/Master/Dataprocessing/playagain_pipeline/data/sessions/VP_01/2026-03-24_09-35-44_3rep
session,VP_01,2026-03-25_13-36-55_3rep,WARN,VALID,,18,18,0,,2000,32,"[4, 9, 10, 11, 20, 24, 27]",0.2956,0.001,0.0,,,,"Bad channels: [4, 9, 10, 11, 20, 24, 27] | Strong class imbalance (ratio 8.0x)",/Users/paul/Coding_Projects/Master/Dataprocessing/playagain_pipeline/data/sessions/VP_01/2026-03-25_13-36-55_3rep
session,VP_01,2026-03-25_13-55-45_3rep,WARN,VALID,,18,18,0,,2000,32,"[4, 20]",0.0945,0.002,0.0,,,,"Bad channels: [4, 20] | Strong class imbalance (ratio 8.0x)",/Users/paul/Coding_Projects/Master/Dataprocessing/playagain_pipeline/data/sessions/VP_01/2026-03-25_13-55-45_3rep
session,VP_01,2026-03-26_12-38-48_3rep,WARN,VALID,,18,18,0,,2000,32,"[4, 10, 19, 20, 25, 26, 28, 29, 31]",0.057,0.004,0.0,,,,"Bad channels: [4, 10, 19, 20, 25, 26, 28, 29, 31] | Strong class imbalance (ratio 8.0x)",/Users/paul/Coding_Projects/Master/Dataprocessing/playagain_pipeline/data/sessions/VP_01/2026-03-26_12-38-48_3rep
session,VP_01,2026-03-30_09-32-13_3rep,WARN,VALID,,18,18,0,,2000,32,"[8, 9, 10, 11, 20, 31]",0.0287,0.036,0.0,,,,"Bad channels: [8, 9, 10, 11, 20, 31] | Strong class imbalance (ratio 8.0x)",/Users/paul/Coding_Projects/Master/Dataprocessing/playagain_pipeline/data/sessions/VP_01/2026-03-30_09-32-13_3rep
session,VP_01,2026-03-30_09-41-33_3rep,WARN,VALID,,18,18,0,,2000,32,[20],0.0575,0.038,0.0,,,,Bad channels: [20] | Strong class imbalance (ratio 8.0x),/Users/paul/Coding_Projects/Master/Dataprocessing/playagain_pipeline/data/sessions/VP_01/2026-03-30_09-41-33_3rep
session,VP_01,2026-04-21_13-50-34_3rep,WARN,INVALID,,9,9,0,,2000,32,[],0.061,0.034,0.0,,,,Short session: 29.6s,/Users/paul/Coding_Projects/Master/Dataprocessing/playagain_pipeline/data/sessions/VP_01/2026-04-21_13-50-34_3rep
session,VP_01,2026-04-27_09-29-56_3rep,WARN,VALID,,18,18,0,,2000,32,[21],0.0163,0.008,0.0,,,,Bad channels: [21] | Strong class imbalance (ratio 8.0x),/Users/paul/Coding_Projects/Master/Dataprocessing/playagain_pipeline/data/sessions/VP_01/2026-04-27_09-29-56_3rep
session,VP_01,2026-04-28_13-42-00_2rep,BAD,INVALID,,1,0,1,,2000,32,[],0.0789,0.003,0.0,,,1/1 trials marked invalid (100%),,/Users/paul/Coding_Projects/Master/Dataprocessing/playagain_pipeline/data/sessions/VP_01/2026-04-28_13-42-00_2rep
session,VP_01,2026-04-30_09-04-04_3rep,OK,VALID,,9,9,0,,2000,32,[],0.0162,0.011,0.0,,,,,/Users/paul/Coding_Projects/Master/Dataprocessing/playagain_pipeline/data/sessions/VP_01/2026-04-30_09-04-04_3rep
session,VP_01,2026-04-30_09-24-27_3rep,OK,VALID,,9,9,0,,2000,32,[],0.1076,0.008,0.0,,,,,/Users/paul/Coding_Projects/Master/Dataprocessing/playagain_pipeline/data/sessions/VP_01/2026-04-30_09-24-27_3rep
session,VP_01,2026-04-30_09-51-33_3rep,WARN,VALID,,9,9,0,,2000,32,[],0.0137,0.014,0.0,,,,Strong class imbalance (ratio 6.0x),/Users/paul/Coding_Projects/Master/Dataprocessing/playagain_pipeline/data/sessions/VP_01/2026-04-30_09-51-33_3rep
session,VP_01,2026-04-30_09-58-03_3rep,OK,VALID,,9,9,0,,2000,32,[],0.0142,0.015,0.0,,,,,/Users/paul/Coding_Projects/Master/Dataprocessing/playagain_pipeline/data/sessions/VP_01/2026-04-30_09-58-03_3rep
session,VP_01,2026-04-30_10-25-22_3rep,OK,VALID,,9,9,0,,2000,32,[],0.006,0.051,0.0,,,,,/Users/paul/Coding_Projects/Master/Dataprocessing/playagain_pipeline/data/sessions/VP_01/2026-04-30_10-25-22_3rep
session,VP_01,2026-04-30_11-12-19_3rep,WARN,VALID,,9,9,0,,2000,32,[],0.0071,0.015,0.0,,,,Strong class imbalance (ratio 8.0x),/Users/paul/Coding_Projects/Master/Dataprocessing/playagain_pipeline/data/sessions/VP_01/2026-04-30_11-12-19_3rep
session,VP_01,2026-04-30_11-25-58_3rep,OK,INVALID,,3,3,0,,2000,32,[],0.0079,0.02,0.0,,,,,/Users/paul/Coding_Projects/Master/Dataprocessing/playagain_pipeline/data/sessions/VP_01/2026-04-30_11-25-58_3rep
session,VP_01,2026-04-30_11-29-09_3rep,OK,VALID,,12,12,0,,2000,32,[],0.007,0.048,0.0,,,,,/Users/paul/Coding_Projects/Master/Dataprocessing/playagain_pipeline/data/sessions/VP_01/2026-04-30_11-29-09_3rep
session,VP_01,2026-04-30_14-01-03_3rep,OK,INVALID,,4,4,0,,2000,32,[],0.0239,0.042,0.0,,,,,/Users/paul/Coding_Projects/Master/Dataprocessing/playagain_pipeline/data/sessions/VP_01/2026-04-30_14-01-03_3rep
session,VP_01,2026-04-30_14-03-00_3rep,WARN,INVALID,,5,4,1,,2000,32,[],0.0187,0.039,0.0,,,,1/5 trials marked invalid (20%),/Users/paul/Coding_Projects/Master/Dataprocessing/playagain_pipeline/data/sessions/VP_01/2026-04-30_14-03-00_3rep
session,VP_01,2026-05-01_11-38-06_3rep,WARN,INVALID,,2,1,1,,2000,32,[],0.0195,0.037,0.0,,,,1/2 trials marked invalid (50%) | Short session: 12.9s,/Users/paul/Coding_Projects/Master/Dataprocessing/playagain_pipeline/data/sessions/VP_01/2026-05-01_11-38-06_3rep
session,VP_01,2026-05-01_11-38-54_3rep,OK,VALID,,8,8,0,,2000,32,[],0.0156,0.039,0.0,,,,,/Users/paul/Coding_Projects/Master/Dataprocessing/playagain_pipeline/data/sessions/VP_01/2026-05-01_11-38-54_3rep
session,VP_01,2026-05-04_08-55-07_3rep,WARN,VALID,,9,9,0,,2000,32,"[5, 21]",0.0083,0.012,0.0,,,,"Bad channels: [5, 21]",/Users/paul/Coding_Projects/Master/Dataprocessing/playagain_pipeline/data/sessions/VP_01/2026-05-04_08-55-07_3rep
session,VP_01,2026-05-04_09-00-24_3rep,WARN,VALID,,9,9,0,,2000,32,"[5, 21]",0.0068,0.015,0.0,,,,"Bad channels: [5, 21]",/Users/paul/Coding_Projects/Master/Dataprocessing/playagain_pipeline/data/sessions/VP_01/2026-05-04_09-00-24_3rep
session,VP_01,2026-05-04_09-30-37_3rep,WARN,VALID,,17,17,0,,2000,32,"[5, 21]",0.0096,0.013,0.0,,,,"Bad channels: [5, 21]",/Users/paul/Coding_Projects/Master/Dataprocessing/playagain_pipeline/data/sessions/VP_01/2026-05-04_09-30-37_3rep
session,VP_01,2026-05-04_09-43-34_3rep,OK,VALID,,18,18,0,,2000,32,[],0.0061,0.075,0.0,,,,,/Users/paul/Coding_Projects/Master/Dataprocessing/playagain_pipeline/data/sessions/VP_01/2026-05-04_09-43-34_3rep
session,VP_01,2026-05-04_11-53-40_3rep,WARN,VALID,,18,18,0,,2000,32,"[4, 5, 13, 20, 21, 22]",0.0132,0.015,0.0,,,,"Bad channels: [4, 5, 13, 20, 21, 22]",/Users/paul/Coding_Projects/Master/Dataprocessing/playagain_pipeline/data/sessions/VP_01/2026-05-04_11-53-40_3rep
session,VP_01,2026-05-05_13-40-49_3rep,WARN,INVALID,,9,8,1,,2000,32,[],0.0135,0.005,0.0,,,,1/9 trials marked invalid (11%),/Users/paul/Coding_Projects/Master/Dataprocessing/playagain_pipeline/data/sessions/VP_01/2026-05-05_13-40-49_3rep
session,VP_01,2026-05-05_13-42-10_3rep,WARN,INVALID,,3,3,0,,2000,32,"[5, 21, 25]",0.0971,0.001,0.0,,,,"Bad channels: [5, 21, 25] | Short session: 12.9s",/Users/paul/Coding_Projects/Master/Dataprocessing/playagain_pipeline/data/sessions/VP_01/2026-05-05_13-42-10_3rep
session,VP_02,2026-02-04_15:06:58_5rep,OK,VALID,,29,29,0,,2000,32,[],0.368,0.126,0.0,,,,,/Users/paul/Coding_Projects/Master/Dataprocessing/playagain_pipeline/data/sessions/VP_02/2026-02-04_15:06:58_5rep
session,VP_02,2026-02-24_12:46:57_3rep,OK,VALID,,17,17,0,,2000,32,[],0.129,0.128,0.0,,,,,/Users/paul/Coding_Projects/Master/Dataprocessing/playagain_pipeline/data/sessions/VP_02/2026-02-24_12:46:57_3rep
session,VP_02,2026-02-24_12:57:14_5rep,OK,VALID,,29,29,0,,2000,32,[],0.0432,0.131,0.0,,,,,/Users/paul/Coding_Projects/Master/Dataprocessing/playagain_pipeline/data/sessions/VP_02/2026-02-24_12:57:14_5rep
session,VP_02,2026-05-06_10-43-57_3rep,WARN,VALID,,18,18,0,,2000,32,"[3, 7, 19, 23]",0.1285,0.001,0.0,,,,"Bad channels: [3, 7, 19, 23] | Strong class imbalance (ratio 8.0x)",/Users/paul/Coding_Projects/Master/Dataprocessing/playagain_pipeline/data/sessions/VP_02/2026-05-06_10-43-57_3rep
session,VP_02,2026-05-06_10-51-06_3rep,WARN,VALID,,18,18,0,,2000,32,"[3, 7, 19, 23]",0.0076,0.023,0.0,,,,"Bad channels: [3, 7, 19, 23] | Strong class imbalance (ratio 8.0x)",/Users/paul/Coding_Projects/Master/Dataprocessing/playagain_pipeline/data/sessions/VP_02/2026-05-06_10-51-06_3rep
session,VP_02,2026-05-06_10-54-51_3rep,WARN,VALID,,18,18,0,,2000,32,"[3, 7, 19, 23]",0.015,0.013,0.0,,,,"Bad channels: [3, 7, 19, 23] | Strong class imbalance (ratio 8.0x)",/Users/paul/Coding_Projects/Master/Dataprocessing/playagain_pipeline/data/sessions/VP_02/2026-05-06_10-54-51_3rep
session,VP_02,2026-05-06_11-02-58_3rep,WARN,VALID,,18,18,0,,2000,32,"[3, 7, 19, 23]",0.0071,0.016,0.0,,,,"Bad channels: [3, 7, 19, 23] | Strong class imbalance (ratio 8.0x)",/Users/paul/Coding_Projects/Master/Dataprocessing/playagain_pipeline/data/sessions/VP_02/2026-05-06_11-02-58_3rep
session,VP_02,2026-05-06_11-08-12_3rep,WARN,VALID,,18,18,0,,2000,32,"[3, 7, 19, 23]",0.0153,0.018,0.0,,,,"Bad channels: [3, 7, 19, 23] | Strong class imbalance (ratio 8.0x)",/Users/paul/Coding_Projects/Master/Dataprocessing/playagain_pipeline/data/sessions/VP_02/2026-05-06_11-08-12_3rep
session,VP_02,2026-05-06_11-09-25_3rep,WARN,VALID,,18,18,0,,2000,32,"[3, 7, 19, 23]",0.0132,0.014,0.0,,,,"Bad channels: [3, 7, 19, 23] | Strong class imbalance (ratio 8.0x)",/Users/paul/Coding_Projects/Master/Dataprocessing/playagain_pipeline/data/sessions/VP_02/2026-05-06_11-09-25_3rep
session,VP_04,2026-03-25_14-44-10_5rep,WARN,VALID,,21,21,0,,2000,32,[],0.0101,0.114,0.0,,,,Strong class imbalance (ratio 10.0x),/Users/paul/Coding_Projects/Master/Dataprocessing/playagain_pipeline/data/sessions/VP_04/2026-03-25_14-44-10_5rep
session,VP_04,2026-03-25_15-12-50_5rep,WARN,VALID,,10,10,0,,2000,32,"[21, 30]",0.0273,0.031,0.0,,,,"Bad channels: [21, 30]",/Users/paul/Coding_Projects/Master/Dataprocessing/playagain_pipeline/data/sessions/VP_04/2026-03-25_15-12-50_5rep
session,VP_04,2026-03-26_14-55-57_manual,OK,VALID,,9,9,0,,2000,32,[],0.0063,0.135,0.0,,,,,/Users/paul/Coding_Projects/Master/Dataprocessing/playagain_pipeline/data/sessions/VP_04/2026-03-26_14-55-57_manual
session,VP_04,2026-03-26_14-59-15_manual,WARN,INVALID,,3,3,0,,2000,32,[],0.0048,0.147,0.0,,,,Short session: 14.3s,/Users/paul/Coding_Projects/Master/Dataprocessing/playagain_pipeline/data/sessions/VP_04/2026-03-26_14-59-15_manual
session,VP_04,2026-03-26_15-00-09_manual,WARN,INVALID,,3,3,0,,2000,32,[],0.0053,0.145,0.0,,,,Short session: 13.7s,/Users/paul/Coding_Projects/Master/Dataprocessing/playagain_pipeline/data/sessions/VP_04/2026-03-26_15-00-09_manual
session,VP_04,2026-03-27_10-48-46_manual,WARN,VALID,,1,1,0,,2000,32,"[10, 21, 22, 30]",0.0069,0.041,0.0,,,,"Bad channels: [10, 21, 22, 30]",/Users/paul/Coding_Projects/Master/Dataprocessing/playagain_pipeline/data/sessions/VP_04/2026-03-27_10-48-46_manual
session,VP_04,2026-03-27_10-51-41_manual,WARN,INVALID,,1,1,0,,2000,32,"[10, 21, 22, 30]",1.7929,0.008,0.059,,,,"Bad channels: [10, 21, 22, 30] | Short session: 13.1s | 5.9% of sampled values appear saturated (|v|≥4)",/Users/paul/Coding_Projects/Master/Dataprocessing/playagain_pipeline/data/sessions/VP_04/2026-03-27_10-51-41_manual
session,VP_04,game_2026-03-25_14-54-26_game_fit,OK,VALID,,2,2,0,,2000,32,[],0.0231,0.096,0.0,,,,,/Users/paul/Coding_Projects/Master/Dataprocessing/playagain_pipeline/data/sessions/VP_04/game_2026-03-25_14-54-26_game_fit
session,VP_06,2026-05-04_11-20-12_3rep,BAD,INVALID,,0,0,0,,2000,32,[],0.2206,0.032,0.0,,,No trials found in metadata,,/Users/paul/Coding_Projects/Master/Dataprocessing/playagain_pipeline/data/sessions/VP_06/2026-05-04_11-20-12_3rep
session,VP_06,2026-05-04_11-21-18_3rep,WARN,VALID,,18,18,0,,2000,32,"[1, 3, 4, 5, 6, 13, 17, 19, 20, 21, 22, 29]",0.0259,0.066,0.0,,,,"Bad channels: [1, 3, 4, 5, 6, 13, 17, 19, 20, 21, 22, 29]",/Users/paul/Coding_Projects/Master/Dataprocessing/playagain_pipeline/data/sessions/VP_06/2026-05-04_11-21-18_3rep
session,VP_06,2026-05-04_11-31-06_3rep,WARN,VALID,,18,18,0,,2000,32,"[3, 4, 5, 13, 19, 20, 21, 22]",0.0274,0.002,0.0,,,,"Bad channels: [3, 4, 5, 13, 19, 20, 21, 22]",/Users/paul/Coding_Projects/Master/Dataprocessing/playagain_pipeline/data/sessions/VP_06/2026-05-04_11-31-06_3rep
session,VP_06,2026-05-04_11-36-55_3rep,WARN,VALID,,11,11,0,,2000,32,"[3, 4, 5, 13, 19, 20, 21, 22]",0.0122,0.005,0.0,,,,"Bad channels: [3, 4, 5, 13, 19, 20, 21, 22]",/Users/paul/Coding_Projects/Master/Dataprocessing/playagain_pipeline/data/sessions/VP_06/2026-05-04_11-36-55_3rep
session,VP_06,2026-05-04_11-57-35_3rep,WARN,VALID,,18,18,0,,2000,32,"[4, 5, 13, 20, 21, 22]",0.0192,0.004,0.0,,,,"Bad channels: [4, 5, 13, 20, 21, 22]",/Users/paul/Coding_Projects/Master/Dataprocessing/playagain_pipeline/data/sessions/VP_06/2026-05-04_11-57-35_3rep
session,VP_12,2026-05-04_14-30-45_5rep,WARN,VALID,,30,30,0,,2000,32,"[0, 5, 6, 9, 16, 21, 22, 23, 25, 26]",0.1008,0.003,0.0,,,,"Bad channels: [0, 5, 6, 9, 16, 21, 22, 23, 25, 26] | Strong class imbalance (ratio 14.0x)",/Users/paul/Coding_Projects/Master/Dataprocessing/playagain_pipeline/data/sessions/VP_12/2026-05-04_14-30-45_5rep
session,VP_12,2026-05-04_14-45-30_3rep,WARN,VALID,,18,18,0,,2000,32,"[0, 5, 6, 9, 11, 16, 21, 22, 25, 26]",0.017,0.005,0.0,,,,"Bad channels: [0, 5, 6, 9, 11, 16, 21, 22, 25, 26] | Strong class imbalance (ratio 8.0x)",/Users/paul/Coding_Projects/Master/Dataprocessing/playagain_pipeline/data/sessions/VP_12/2026-05-04_14-45-30_3rep
session,VP_12,2026-05-04_14-46-56_3rep,WARN,VALID,,18,18,0,,2000,32,"[0, 5, 6, 9, 11, 16, 21, 22, 25, 26]",0.149,0.003,0.0,,,,"Bad channels: [0, 5, 6, 9, 11, 16, 21, 22, 25, 26] | Strong class imbalance (ratio 8.0x)",/Users/paul/Coding_Projects/Master/Dataprocessing/playagain_pipeline/data/sessions/VP_12/2026-05-04_14-46-56_3rep
session,VP_12,2026-05-04_14-51-35_3rep,WARN,VALID,,18,18,0,,2000,32,"[0, 5, 6, 11, 16, 21, 22, 25, 31]",0.0406,0.005,0.0,,,,"Bad channels: [0, 5, 6, 11, 16, 21, 22, 25, 31] | Strong class imbalance (ratio 8.0x)",/Users/paul/Coding_Projects/Master/Dataprocessing/playagain_pipeline/data/sessions/VP_12/2026-05-04_14-51-35_3rep
session,VP_12,2026-05-04_14-57-16_3rep,WARN,VALID,,18,18,0,,2000,32,"[0, 5, 6, 11, 16, 19, 21, 22, 25, 31]",0.0465,0.005,0.0,,,,"Bad channels: [0, 5, 6, 11, 16, 19, 21, 22, 25, 31] | Strong class imbalance (ratio 8.0x)",/Users/paul/Coding_Projects/Master/Dataprocessing/playagain_pipeline/data/sessions/VP_12/2026-05-04_14-57-16_3rep
session,VP_12,2026-05-04_14-58-52_3rep,WARN,VALID,,18,18,0,,2000,32,"[0, 5, 6, 11, 16, 19, 21, 22, 25, 31]",0.4919,0.004,0.003,,,,"Bad channels: [0, 5, 6, 11, 16, 19, 21, 22, 25, 31] | Strong class imbalance (ratio 8.0x)",/Users/paul/Coding_Projects/Master/Dataprocessing/playagain_pipeline/data/sessions/VP_12/2026-05-04_14-58-52_3rep
session,VP_12,2026-05-04_15-00-08_3rep,WARN,VALID,,18,18,0,,2000,32,"[0, 5, 6, 11, 16, 19, 21, 22, 25, 31]",0.0448,0.006,0.0,,,,"Bad channels: [0, 5, 6, 11, 16, 19, 21, 22, 25, 31]",/Users/paul/Coding_Projects/Master/Dataprocessing/playagain_pipeline/data/sessions/VP_12/2026-05-04_15-00-08_3rep
session,VP_13,2026-05-06_12-30-00_3rep,WARN,VALID,,18,18,0,,2000,32,"[3, 7, 19, 23]",0.0071,0.015,0.0,,,,"Bad channels: [3, 7, 19, 23] | Strong class imbalance (ratio 8.0x)",/Users/paul/Coding_Projects/Master/Dataprocessing/playagain_pipeline/data/sessions/VP_13/2026-05-06_12-30-00_3rep
session,VP_13,2026-05-06_12-36-17_3rep,WARN,VALID,,19,19,0,,2000,32,"[3, 7, 19, 23]",0.006,0.02,0.0,,,,"Bad channels: [3, 7, 19, 23]",/Users/paul/Coding_Projects/Master/Dataprocessing/playagain_pipeline/data/sessions/VP_13/2026-05-06_12-36-17_3rep
session,VP_13,2026-05-06_12-43-14_3rep,WARN,VALID,,18,18,0,,2000,32,"[3, 7, 19, 23]",0.012,0.01,0.0,,,,"Bad channels: [3, 7, 19, 23] | Strong class imbalance (ratio 8.0x)",/Users/paul/Coding_Projects/Master/Dataprocessing/playagain_pipeline/data/sessions/VP_13/2026-05-06_12-43-14_3rep
session,VP_13,2026-05-06_12-50-29_3rep,WARN,VALID,,18,18,0,,2000,32,"[3, 7, 19, 23]",0.0104,0.01,0.0,,,,"Bad channels: [3, 7, 19, 23] | Strong class imbalance (ratio 8.0x)",/Users/paul/Coding_Projects/Master/Dataprocessing/playagain_pipeline/data/sessions/VP_13/2026-05-06_12-50-29_3rep
session,VP_13,2026-05-06_12-51-44_3rep,WARN,VALID,,18,18,0,,2000,32,"[3, 7, 19, 23]",0.007,0.01,0.0,,,,"Bad channels: [3, 7, 19, 23] | Strong class imbalance (ratio 8.0x)",/Users/paul/Coding_Projects/Master/Dataprocessing/playagain_pipeline/data/sessions/VP_13/2026-05-06_12-51-44_3rep
session,VP_13,2026-05-06_12-56-17_3rep,WARN,VALID,,18,18,0,,2000,32,"[3, 7, 19, 23, 25]",0.0142,0.035,0.0,,,,"Bad channels: [3, 7, 19, 23, 25] | Strong class imbalance (ratio 8.0x)",/Users/paul/Coding_Projects/Master/Dataprocessing/playagain_pipeline/data/sessions/VP_13/2026-05-06_12-56-17_3rep
session,VP_13,2026-05-06_12-57-31_3rep,WARN,VALID,,18,18,0,,2000,32,"[3, 7, 19, 23, 25]",0.1392,0.0,0.0,,,,"Bad channels: [3, 7, 19, 23, 25] | Strong class imbalance (ratio 8.0x)",/Users/paul/Coding_Projects/Master/Dataprocessing/playagain_pipeline/data/sessions/VP_13/2026-05-06_12-57-31_3rep
session,VP_13,2026-05-06_13-06-21_3rep,WARN,VALID,,18,18,0,,2000,32,"[3, 7, 19, 23]",0.0051,0.015,0.0,,,,"Bad channels: [3, 7, 19, 23] | Strong class imbalance (ratio 8.0x)",/Users/paul/Coding_Projects/Master/Dataprocessing/playagain_pipeline/data/sessions/VP_13/2026-05-06_13-06-21_3rep
session,VP_13,2026-05-06_13-12-22_3rep,WARN,VALID,,18,18,0,,2000,32,"[3, 7, 19, 23]",0.0051,0.013,0.0,,,,"Bad channels: [3, 7, 19, 23] | Strong class imbalance (ratio 8.0x)",/Users/paul/Coding_Projects/Master/Dataprocessing/playagain_pipeline/data/sessions/VP_13/2026-05-06_13-12-22_3rep
session,VP_13,2026-05-06_13-13-37_3rep,WARN,VALID,,18,18,0,,2000,32,"[3, 7, 19, 23]",0.0067,0.014,0.0,,,,"Bad channels: [3, 7, 19, 23] | Strong class imbalance (ratio 8.0x)",/Users/paul/Coding_Projects/Master/Dataprocessing/playagain_pipeline/data/sessions/VP_13/2026-05-06_13-13-37_3rep
session,VP_14,2026-05-13_15-57-37_5rep,WARN,VALID,,30,30,0,,2000,32,"[8, 16, 23, 26]",0.0332,0.009,0.0,,,,"Bad channels: [8, 16, 23, 26] | Strong class imbalance (ratio 14.0x)",/Users/paul/Coding_Projects/Master/Dataprocessing/playagain_pipeline/data/sessions/VP_14/2026-05-13_15-57-37_5rep
session,VP_14,2026-05-13_16-10-21_3rep,BAD,INVALID,,2,1,1,,2000,32,[],0.015,0.014,0.0,,,"Session note contains warning keyword: ""Should be the bad data""",1/2 trials marked invalid (50%) | Short session: 11.9s,/Users/paul/Coding_Projects/Master/Dataprocessing/playagain_pipeline/data/sessions/VP_14/2026-05-13_16-10-21_3rep
session,VP_14,2026-05-13_16-11-51_4rep,WARN,VALID,,24,24,0,,2000,32,"[8, 16, 23, 26]",0.4827,0.009,0.006,,,,"Bad channels: [8, 16, 23, 26] | Strong class imbalance (ratio 11.0x)",/Users/paul/Coding_Projects/Master/Dataprocessing/playagain_pipeline/data/sessions/VP_14/2026-05-13_16-11-51_4rep
session,VP_01,UNITY_emg_2026-01-30_12-08-52,OK,VALID,,32,32,0,,2000,32,[],0.0,0.012,0.0,,,,,/Users/paul/Coding_Projects/Master/Dataprocessing/playagain_pipeline/data/sessions/unity_sessions/VP_01/UNITY_emg_2026-01-30_12-08-52
session,VP_01,UNITY_emg_2026-01-30_12-13-35,OK,VALID,,30,30,0,,2000,32,[],0.0,0.007,0.0,,,,,/Users/paul/Coding_Projects/Master/Dataprocessing/playagain_pipeline/data/sessions/unity_sessions/VP_01/UNITY_emg_2026-01-30_12-13-35
session,VP_01,UNITY_emg_2026-02-01_10-09-23,OK,VALID,,26,26,0,,2000,32,[],0.0,0.006,0.0,,,,,/Users/paul/Coding_Projects/Master/Dataprocessing/playagain_pipeline/data/sessions/unity_sessions/VP_01/UNITY_emg_2026-02-01_10-09-23
session,VP_01,UNITY_emg_2026-02-01_10-15-19,OK,VALID,,26,26,0,,2000,32,[],0.0,0.016,0.0,,,,,/Users/paul/Coding_Projects/Master/Dataprocessing/playagain_pipeline/data/sessions/unity_sessions/VP_01/UNITY_emg_2026-02-01_10-15-19
session,VP_01,UNITY_emg_2026-02-01_10-29-40,OK,VALID,,36,36,0,,2000,32,[],0.0,0.011,0.0,,,,,/Users/paul/Coding_Projects/Master/Dataprocessing/playagain_pipeline/data/sessions/unity_sessions/VP_01/UNITY_emg_2026-02-01_10-29-40
session,VP_01,UNITY_emg_2026-02-01_10-52-17,OK,VALID,,27,27,0,,2000,32,[],0.0,0.039,0.0,,,,,/Users/paul/Coding_Projects/Master/Dataprocessing/playagain_pipeline/data/sessions/unity_sessions/VP_01/UNITY_emg_2026-02-01_10-52-17
session,VP_03,UNITY_emg_2026-02-16_12-17-32,WARN,INVALID,,6,6,0,,2000,32,[],0.0,0.043,0.0,,,,Short session: 18.5s,/Users/paul/Coding_Projects/Master/Dataprocessing/playagain_pipeline/data/sessions/unity_sessions/VP_03/UNITY_emg_2026-02-16_12-17-32
session,VP_03,UNITY_emg_2026-02-16_12-18-25,OK,VALID,,39,39,0,,2000,32,[],0.0,0.042,0.0,,,,,/Users/paul/Coding_Projects/Master/Dataprocessing/playagain_pipeline/data/sessions/unity_sessions/VP_03/UNITY_emg_2026-02-16_12-18-25
session,VP_04,UNITY_emg_2026-03-26_14-24-15_normal,OK,VALID,,11,11,0,,2000,32,[],0.0,0.184,0.0,,,,,/Users/paul/Coding_Projects/Master/Dataprocessing/playagain_pipeline/data/sessions/unity_sessions/VP_04/UNITY_emg_2026-03-26_14-24-15_normal
session,VP_04,UNITY_emg_2026-03-26_14-27-51_normal,OK,VALID,,13,13,0,,2000,32,[],0.0,0.156,0.0,,,,,/Users/paul/Coding_Projects/Master/Dataprocessing/playagain_pipeline/data/sessions/unity_sessions/VP_04/UNITY_emg_2026-03-26_14-27-51_normal
session,VP_04,UNITY_emg_2026-03-26_14-31-33_normal,OK,VALID,,13,13,0,,2000,32,[],0.0,0.137,0.0,,,,,/Users/paul/Coding_Projects/Master/Dataprocessing/playagain_pipeline/data/sessions/unity_sessions/VP_04/UNITY_emg_2026-03-26_14-31-33_normal
session,VP_04,UNITY_emg_2026-03-26_14-36-21_obstacle,OK,VALID,,13,13,0,,2000,32,[],0.0,0.126,0.0,,,,,/Users/paul/Coding_Projects/Master/Dataprocessing/playagain_pipeline/data/sessions/unity_sessions/VP_04/UNITY_emg_2026-03-26_14-36-21_obstacle
session,VP_04,UNITY_emg_2026-03-26_14-40-44_mirrored,OK,VALID,,13,13,0,,2000,32,[],0.0,0.189,0.0,,,,,/Users/paul/Coding_Projects/Master/Dataprocessing/playagain_pipeline/data/sessions/unity_sessions/VP_04/UNITY_emg_2026-03-26_14-40-44_mirrored
session,VP_04,UNITY_emg_2026-03-26_14-43-14_mirrored,OK,VALID,,13,13,0,,2000,32,[],0.0002,0.125,0.0,,,,,/Users/paul/Coding_Projects/Master/Dataprocessing/playagain_pipeline/data/sessions/unity_sessions/VP_04/UNITY_emg_2026-03-26_14-43-14_mirrored
session,VP_04,UNITY_emg_2026-03-27_10-31-37_normal,OK,VALID,,13,13,0,,2000,32,[],0.0,0.133,0.0,,,,,/Users/paul/Coding_Projects/Master/Dataprocessing/playagain_pipeline/data/sessions/unity_sessions/VP_04/UNITY_emg_2026-03-27_10-31-37_normal
session,VP_04,UNITY_emg_2026-03-27_10-34-18_normal,OK,VALID,,13,13,0,,2000,32,[],0.0001,0.128,0.0,,,,,/Users/paul/Coding_Projects/Master/Dataprocessing/playagain_pipeline/data/sessions/unity_sessions/VP_04/UNITY_emg_2026-03-27_10-34-18_normal
session,VP_04,UNITY_emg_2026-03-27_10-36-30_normal,OK,VALID,,13,13,0,,2000,32,[],0.0,0.142,0.0,,,,,/Users/paul/Coding_Projects/Master/Dataprocessing/playagain_pipeline/data/sessions/unity_sessions/VP_04/UNITY_emg_2026-03-27_10-36-30_normal
session,VP_04,UNITY_emg_2026-03-27_11-00-06_normal,OK,VALID,,13,13,0,,2000,32,[],0.0,0.132,0.0,,,,,/Users/paul/Coding_Projects/Master/Dataprocessing/playagain_pipeline/data/sessions/unity_sessions/VP_04/UNITY_emg_2026-03-27_11-00-06_normal
session,VP_09,UNITY_emg_2026-04-02_10-10-57,OK,VALID,,11,11,0,,2000,32,[],0.0,0.226,0.0,,,,,/Users/paul/Coding_Projects/Master/Dataprocessing/playagain_pipeline/data/sessions/unity_sessions/VP_09/UNITY_emg_2026-04-02_10-10-57
session,VP_09,UNITY_emg_2026-04-02_10-12-47,OK,VALID,,13,13,0,,2000,32,[],0.0001,0.255,0.0,,,,,/Users/paul/Coding_Projects/Master/Dataprocessing/playagain_pipeline/data/sessions/unity_sessions/VP_09/UNITY_emg_2026-04-02_10-12-47
session,VP_09,UNITY_emg_2026-04-02_10-18-30,OK,VALID,,13,13,0,,2000,32,[],0.0,0.226,0.0,,,,,/Users/paul/Coding_Projects/Master/Dataprocessing/playagain_pipeline/data/sessions/unity_sessions/VP_09/UNITY_emg_2026-04-02_10-18-30
session,VP_11,UNITY_emg_2026-04-17_14-19-33,OK,VALID,,13,13,0,,2000,32,[],0.0,0.281,0.0,,,,,/Users/paul/Coding_Projects/Master/Dataprocessing/playagain_pipeline/data/sessions/unity_sessions/VP_11/UNITY_emg_2026-04-17_14-19-33
session,VP_11,UNITY_emg_2026-04-17_14-27-37,OK,VALID,,13,13,0,,2000,32,[],0.0,0.291,0.0,,,,,/Users/paul/Coding_Projects/Master/Dataprocessing/playagain_pipeline/data/sessions/unity_sessions/VP_11/UNITY_emg_2026-04-17_14-27-37
session,VP_11,UNITY_emg_2026-04-17_14-37-43,OK,VALID,,13,13,0,,2000,32,[],0.0,0.285,0.0,,,,,/Users/paul/Coding_Projects/Master/Dataprocessing/playagain_pipeline/data/sessions/unity_sessions/VP_11/UNITY_emg_2026-04-17_14-37-43
session,VP_11,UNITY_emg_2026-04-17_14-47-29,OK,VALID,,13,13,0,,2000,32,[],0.0,0.295,0.0,,,,,/Users/paul/Coding_Projects/Master/Dataprocessing/playagain_pipeline/data/sessions/unity_sessions/VP_11/UNITY_emg_2026-04-17_14-47-29
session,VP_11,UNITY_emg_2026-04-18_11-35-09,OK,VALID,,13,13,0,,2000,32,[],0.0001,0.219,0.0,,,,,/Users/paul/Coding_Projects/Master/Dataprocessing/playagain_pipeline/data/sessions/unity_sessions/VP_11/UNITY_emg_2026-04-18_11-35-09
session,VP_11,UNITY_emg_2026-04-18_11-39-12,OK,VALID,,13,13,0,,2000,32,[],0.0,0.267,0.0,,,,,/Users/paul/Coding_Projects/Master/Dataprocessing/playagain_pipeline/data/sessions/unity_sessions/VP_11/UNITY_emg_2026-04-18_11-39-12
game,KinderUni,game_2026-03-30_13-44-17,WARN,VALID,,,,,205.37,2000,32,,0.11529,0.251,0.0,0.9078947368421053,0.3452,,Ground truth never active in sampled rows (first 300) | Low average model confidence: 0.34,/Users/paul/Coding_Projects/Master/Dataprocessing/playagain_pipeline/data/game_recordings/KinderUni/game_2026-03-30_13-44-17
game,KinderUni,game_2026-03-30_14-06-41,WARN,INVALID,,,,,45.95,2000,32,,0.02712,0.255,0.0,0.9166666666666666,0.3362,,Ground truth never active in sampled rows (first 300),/Users/paul/Coding_Projects/Master/Dataprocessing/playagain_pipeline/data/game_recordings/KinderUni/game_2026-03-30_14-06-41
game,KinderUni,game_2026-03-30_14-08-53,WARN,INVALID,,,,,49.66,2000,32,,0.04896,0.502,0.0,0.9166666666666666,0.3362,,Ground truth never active in sampled rows (first 300) | 50% of sampled EMG values are zero,/Users/paul/Coding_Projects/Master/Dataprocessing/playagain_pipeline/data/game_recordings/KinderUni/game_2026-03-30_14-08-53
game,VP_01,game_2026-03-20_11-14-47,WARN,VALID,,,,,79.7,2000,32,,0.00765,0.502,0.0,0.9736842105263158,0.2753,,Low rotation confidence: 0.275 | Ground truth never active in sampled rows (first 300) | 50% of sampled EMG values are zero,/Users/paul/Coding_Projects/Master/Dataprocessing/playagain_pipeline/data/game_recordings/VP_01/game_2026-03-20_11-14-47
game,VP_01,game_2026-03-23_15-02-15 2,WARN,INVALID,,,,,58.09,2000,32,,0.02743,0.129,0.0,0.9870689655172413,0.3291,,Ground truth never active in sampled rows (first 300),/Users/paul/Coding_Projects/Master/Dataprocessing/playagain_pipeline/data/game_recordings/VP_01/game_2026-03-23_15-02-15 2
game,VP_01,game_2026-03-23_15-08-40,WARN,VALID,,,,,91.86,2000,32,,0.03162,0.129,0.0,0.9525862068965517,0.3291,,Ground truth never active in sampled rows (first 300) | Low average model confidence: 0.10,/Users/paul/Coding_Projects/Master/Dataprocessing/playagain_pipeline/data/game_recordings/VP_01/game_2026-03-23_15-08-40
game,VP_01,game_2026-03-23_15-27-20,WARN,VALID,,,,,75.4,2000,32,,0.01053,0.134,0.0,0.9525862068965517,,,Ground truth never active in sampled rows (first 300) | Low average model confidence: 0.32 | CSV has only 73% of expected rows (109908 vs ~150800),/Users/paul/Coding_Projects/Master/Dataprocessing/playagain_pipeline/data/game_recordings/VP_01/game_2026-03-23_15-27-20
game,VP_01,game_2026-03-24_09-00-13,WARN,VALID,,,,,142.63,2000,32,,0.04891,0.128,0.0,0.9692982456140351,0.194,,Low rotation confidence: 0.194 | Ground truth never active in sampled rows (first 300),/Users/paul/Coding_Projects/Master/Dataprocessing/playagain_pipeline/data/game_recordings/VP_01/game_2026-03-24_09-00-13
game,VP_01,game_2026-03-25_10-38-16,WARN,VALID,,,,,112.23,2000,32,,0.00561,0.143,0.0,0.9906651108518086,0.3611,,Ground truth never active in sampled rows (first 300),/Users/paul/Coding_Projects/Master/Dataprocessing/playagain_pipeline/data/game_recordings/VP_01/game_2026-03-25_10-38-16
game,VP_01,game_2026-03-25_13-11-22,WARN,VALID,,,,,81.54,2000,32,,0.05171,0.128,0.0,0.9754959159859977,0.4567,,Ground truth never active in sampled rows (first 300) | Low average model confidence: 0.38,/Users/paul/Coding_Projects/Master/Dataprocessing/playagain_pipeline/data/game_recordings/VP_01/game_2026-03-25_13-11-22
game,VP_01,game_2026-03-25_13-40-23,WARN,VALID,,,,,83.47,2000,32,,0.00998,0.135,0.0,0.9780701754385965,0.3354,,Ground truth never active in sampled rows (first 300),/Users/paul/Coding_Projects/Master/Dataprocessing/playagain_pipeline/data/game_recordings/VP_01/game_2026-03-25_13-40-23
game,VP_01,game_2026-03-25_13-50-28,WARN,VALID,,,,,69.62,2000,32,,0.0595,0.125,0.0,0.9780701754385965,,,Ground truth never active in sampled rows (first 300) | Low average model confidence: 0.36,/Users/paul/Coding_Projects/Master/Dataprocessing/playagain_pipeline/data/game_recordings/VP_01/game_2026-03-25_13-50-28
game,VP_01,game_2026-03-25_13-59-08,WARN,VALID,,,,,74.17,2000,32,,0.00654,0.138,0.0,0.9912280701754386,0.345,,Ground truth never active in sampled rows (first 300),/Users/paul/Coding_Projects/Master/Dataprocessing/playagain_pipeline/data/game_recordings/VP_01/game_2026-03-25_13-59-08
game,VP_01,game_2026-03-25_14-06-47,WARN,VALID,,,,,91.82,2000,32,,0.0456,0.126,0.0,0.9912280701754386,0.4151,,Ground truth never active in sampled rows (first 300),/Users/paul/Coding_Projects/Master/Dataprocessing/playagain_pipeline/data/game_recordings/VP_01/game_2026-03-25_14-06-47
game,VP_01,game_2026-03-25_14-18-38,WARN,VALID,,,,,76.65,2000,32,,0.0397,0.126,0.0,0.9912280701754386,0.4103,,Ground truth never active in sampled rows (first 300),/Users/paul/Coding_Projects/Master/Dataprocessing/playagain_pipeline/data/game_recordings/VP_01/game_2026-03-25_14-18-38
game,VP_01,game_2026-03-25_14-24-35,WARN,VALID,,,,,57.15,2000,32,,0.03108,0.128,0.0,0.9912280701754386,0.4224,,Ground truth never active in sampled rows (first 300),/Users/paul/Coding_Projects/Master/Dataprocessing/playagain_pipeline/data/game_recordings/VP_01/game_2026-03-25_14-24-35
game,VP_01,game_2026-03-25_14-30-27,WARN,INVALID,,,,,,2000,32,,0.00638,0.138,0.0,0.9912280701754386,0.4092,,No finished_at timestamp — recording may be incomplete | Ground truth never active in sampled rows (first 300),/Users/paul/Coding_Projects/Master/Dataprocessing/playagain_pipeline/data/game_recordings/VP_01/game_2026-03-25_14-30-27
game,VP_01,game_2026-03-25_14-32-43,WARN,VALID,,,,,68.45,2000,32,,0.02572,0.13,0.0,0.9912280701754386,0.4094,,Ground truth never active in sampled rows (first 300),/Users/paul/Coding_Projects/Master/Dataprocessing/playagain_pipeline/data/game_recordings/VP_01/game_2026-03-25_14-32-43
game,VP_01,game_2026-03-26_11-17-34,WARN,INVALID,,,,,47.8,2000,32,,0.03806,0.13,0.0,0.9888712241653418,0.3348,,Ground truth never active in sampled rows (first 300),/Users/paul/Coding_Projects/Master/Dataprocessing/playagain_pipeline/data/game_recordings/VP_01/game_2026-03-26_11-17-34
game,VP_01,game_2026-03-26_11-18-34,WARN,VALID,,,,,92.85,2000,32,,0.04286,0.132,0.0,0.9888712241653418,0.3348,,Ground truth never active in sampled rows (first 300),/Users/paul/Coding_Projects/Master/Dataprocessing/playagain_pipeline/data/game_recordings/VP_01/game_2026-03-26_11-18-34
game,VP_01,game_2026-03-26_12-21-56,WARN,VALID,,,,,92.01,2000,32,,0.06501,0.015,0.0,0.9888712241653418,0.3044,,Ground truth never active in sampled rows (first 300),/Users/paul/Coding_Projects/Master/Dataprocessing/playagain_pipeline/data/game_recordings/VP_01/game_2026-03-26_12-21-56
game,VP_01,game_2026-03-26_12-42-12,WARN,VALID,,,,,89.86,2000,32,,0.00669,0.138,0.0,1.0,0.3577,,Ground truth never active in sampled rows (first 300),/Users/paul/Coding_Projects/Master/Dataprocessing/playagain_pipeline/data/game_recordings/VP_01/game_2026-03-26_12-42-12
game,VP_01,game_2026-03-30_09-46-36,WARN,VALID,,,,,80.96,2000,32,,0.01139,0.135,0.0,0.9517543859649122,0.3231,,Ground truth never active in sampled rows (first 300),/Users/paul/Coding_Projects/Master/Dataprocessing/playagain_pipeline/data/game_recordings/VP_01/game_2026-03-30_09-46-36
game,VP_01,game_2026-04-15_13-34-30,WARN,INVALID,,,,,,2000,32,,0.03577,0.129,0.0,0.9888712241653418,0.3789,,No finished_at timestamp — recording may be incomplete | Ground truth never active in sampled rows (first 300),/Users/paul/Coding_Projects/Master/Dataprocessing/playagain_pipeline/data/game_recordings/VP_01/game_2026-04-15_13-34-30
game,VP_01,game_2026-04-15_14-06-44,WARN,VALID,,,,,70.63,2000,32,,0.06697,0.128,0.0,0.9888712241653418,,,Ground truth never active in sampled rows (first 300),/Users/paul/Coding_Projects/Master/Dataprocessing/playagain_pipeline/data/game_recordings/VP_01/game_2026-04-15_14-06-44
game,VP_01,game_2026-05-04_09-41-35,WARN,INVALID,,,,,28.61,2000,32,,0.04472,0.128,0.0,0.9773299748110831,,,Recording short: 28.6s | Ground truth never active in sampled rows (first 300),/Users/paul/Coding_Projects/Master/Dataprocessing/playagain_pipeline/data/game_recordings/VP_01/game_2026-05-04_09-41-35
game,VP_01,game_2026-05-04_09-47-12,WARN,VALID,,,,,140.04,2000,32,,0.04877,0.128,0.0,0.9560975609756097,0.3288,,Ground truth never active in sampled rows (first 300) | Low average model confidence: 0.00,/Users/paul/Coding_Projects/Master/Dataprocessing/playagain_pipeline/data/game_recordings/VP_01/game_2026-05-04_09-47-12
game,VP_02,game_2026-05-06_10-48-26,WARN,VALID,,,,,125.71,2000,32,,0.00488,0.266,0.0,0.9692982456140351,0.3544,,Ground truth never active in sampled rows (first 300),/Users/paul/Coding_Projects/Master/Dataprocessing/playagain_pipeline/data/game_recordings/VP_02/game_2026-05-06_10-48-26
game,VP_02,game_2026-05-06_11-05-29,WARN,VALID,,,,,126.66,2000,32,,0.00723,0.258,0.0,0.9780701754385965,0.3358,,Ground truth never active in sampled rows (first 300),/Users/paul/Coding_Projects/Master/Dataprocessing/playagain_pipeline/data/game_recordings/VP_02/game_2026-05-06_11-05-29
game,VP_02,game_2026-05-06_11-14-31,WARN,VALID,,,,,119.43,2000,32,,0.00571,0.259,0.0,0.9429824561403509,0.3505,,Ground truth never active in sampled rows (first 300),/Users/paul/Coding_Projects/Master/Dataprocessing/playagain_pipeline/data/game_recordings/VP_02/game_2026-05-06_11-14-31
game,VP_04,game_2026-03-25_14-54-26,WARN,VALID,,,,,145.51,2000,32,,0.03278,0.003,0.0,0.7887563884156729,0.3569,,Ground truth never active in sampled rows (first 300),/Users/paul/Coding_Projects/Master/Dataprocessing/playagain_pipeline/data/game_recordings/VP_04/game_2026-03-25_14-54-26
game,VP_04,game_2026-03-25_14-58-00,WARN,INVALID,,,,,30.27,2000,32,,0.10534,0.001,0.0,0.7887563884156729,0.3569,,Ground truth never active in sampled rows (first 300),/Users/paul/Coding_Projects/Master/Dataprocessing/playagain_pipeline/data/game_recordings/VP_04/game_2026-03-25_14-58-00
game,VP_06,game_2026-05-04_11-26-08,WARN,INVALID,,,,,69.34,2000,32,,0.01597,0.502,0.0,0.948905109489051,0.2936,,Low rotation confidence: 0.294 | Ground truth never active in sampled rows (first 300) | Low average model confidence: 0.00 | 50% of sampled EMG values are zero,/Users/paul/Coding_Projects/Master/Dataprocessing/playagain_pipeline/data/game_recordings/VP_06/game_2026-05-04_11-26-08
game,VP_06,game_2026-05-04_11-29-12,WARN,VALID,,,,,93.06,2000,32,,0.0183,0.378,0.0,0.9537712895377128,,,Ground truth never active in sampled rows (first 300),/Users/paul/Coding_Projects/Master/Dataprocessing/playagain_pipeline/data/game_recordings/VP_06/game_2026-05-04_11-29-12
game,VP_06,game_2026-05-04_11-47-33,WARN,VALID,,,,,170.99,2000,32,,0.01848,0.254,0.0,0.9438596491228071,,,Ground truth never active in sampled rows (first 300),/Users/paul/Coding_Projects/Master/Dataprocessing/playagain_pipeline/data/game_recordings/VP_06/game_2026-05-04_11-47-33
game,VP_06,game_2026-05-04_11-50-57,WARN,VALID,,,,,136.05,2000,32,,0.31025,0.253,0.0,0.9438596491228071,,,Ground truth never active in sampled rows (first 300),/Users/paul/Coding_Projects/Master/Dataprocessing/playagain_pipeline/data/game_recordings/VP_06/game_2026-05-04_11-50-57
game,VP_06,game_2026-05-04_12-06-37,WARN,VALID,,,,,146.24,2000,32,,0.60974,0.25,0.0,0.9319682959048877,,,Ground truth never active in sampled rows (first 300),/Users/paul/Coding_Projects/Master/Dataprocessing/playagain_pipeline/data/game_recordings/VP_06/game_2026-05-04_12-06-37
game,VP_06,game_2026-05-04_12-10-07,WARN,VALID,,,,,124.26,2000,32,,0.05429,0.252,0.0,0.9319682959048877,,,Ground truth never active in sampled rows (first 300),/Users/paul/Coding_Projects/Master/Dataprocessing/playagain_pipeline/data/game_recordings/VP_06/game_2026-05-04_12-10-07
game,VP_12,game_2026-05-04_14-42-31,WARN,VALID,,,,,120.21,2000,32,,0.14935,0.253,0.0,0.9719953325554259,0.333,,Ground truth never active in sampled rows (first 300),/Users/paul/Coding_Projects/Master/Dataprocessing/playagain_pipeline/data/game_recordings/VP_12/game_2026-05-04_14-42-31
game,VP_12,game_2026-05-04_14-54-36,WARN,VALID,,,,,130.13,2000,32,,0.04376,0.378,0.0,0.9912280701754386,0.3718,,Ground truth never active in sampled rows (first 300),/Users/paul/Coding_Projects/Master/Dataprocessing/playagain_pipeline/data/game_recordings/VP_12/game_2026-05-04_14-54-36
game,VP_13,game_2026-05-06_12-33-25,WARN,VALID,,,,,122.11,2000,32,,0.00552,0.26,0.0,0.9342105263157895,0.3275,,Ground truth never active in sampled rows (first 300),/Users/paul/Coding_Projects/Master/Dataprocessing/playagain_pipeline/data/game_recordings/VP_13/game_2026-05-06_12-33-25
game,VP_13,game_2026-05-06_12-47-17,WARN,VALID,,,,,125.19,2000,32,,0.0052,0.257,0.0,0.982532751091703,0.3265,,Ground truth never active in sampled rows (first 300),/Users/paul/Coding_Projects/Master/Dataprocessing/playagain_pipeline/data/game_recordings/VP_13/game_2026-05-06_12-47-17
game,VP_13,game_2026-05-06_12-53-45,WARN,VALID,,,,,115.06,2000,32,,0.00473,0.263,0.0,0.9342105263157895,0.3103,,Ground truth never active in sampled rows (first 300),/Users/paul/Coding_Projects/Master/Dataprocessing/playagain_pipeline/data/game_recordings/VP_13/game_2026-05-06_12-53-45
game,VP_13,game_2026-05-06_12-59-33,WARN,VALID,,,,,119.89,2000,32,,0.00448,0.265,0.0,0.9517543859649122,0.3256,,Ground truth never active in sampled rows (first 300),/Users/paul/Coding_Projects/Master/Dataprocessing/playagain_pipeline/data/game_recordings/VP_13/game_2026-05-06_12-59-33
game,VP_13,game_2026-05-06_13-10-25,WARN,VALID,,,,,104.45,2000,32,,0.0048,0.26,0.0,0.9350713231677324,0.327,,Ground truth never active in sampled rows (first 300),/Users/paul/Coding_Projects/Master/Dataprocessing/playagain_pipeline/data/game_recordings/VP_13/game_2026-05-06_13-10-25
game,VP_14,game_2026-05-13_16-06-51,WARN,VALID,,,,,140.55,2000,32,,0.21511,0.008,0.0,0.9155844155844156,0.362,,Ground truth never active in sampled rows (first 300),/Users/paul/Coding_Projects/Master/Dataprocessing/playagain_pipeline/data/game_recordings/VP_14/game_2026-05-13_16-06-51
